{
    "rouge-1": 0.3509124456949727,
    "rouge-2": 0.14759043859861656,
    "rouge-l": 0.3018449839718301
}